What is a physician's assistant?	1
What are the educational requirements required to become one?	0
What does it cost?	0
What's the average starting salary in the UK?	0
What about in the US?	0
What school subjects are needed to become a registered nurse?	1
What is the PA average salary vs an RN?	1
What the difference between a PA and a nurse practitioner?	1
Do NPs or PAs make more?	1
Is a PA above a NP?	1
What is the fastest way to become a NP?	1
How much longer does it take to become a doctor after being an NP?	1
What are the main breeds of goat?	1
Tell me about boer goats.	1
What breed is good for meat?	0
Are angora goats good for it?	0
What about boer goats?	0
What are pygmies used for?	0
What is the best for fiber production?	0
How long do Angora goats live?	1
Can you milk them?	0
How many can you have per acre?	0
Are they profitable?	0
Tell me about the types of irregular heart beat.	1
How serious is an irregular heart beat?	1
What are the different types of tachycardia?	1
What is atrial flutter?	1
What causes it?	0
What's the difference between flutter and fibrillation?	1
How does afib affect an ECG?	1
Does it shorten your life?	0
What triggers it?	0
How do you stop an attack?	0
What is the best exercise for it?	0
What was the neolithic revolution?	1
When did it start and end?	0
Why did it start?	0
What did the neolithic invent?	1
What tools were used?	0
When was it brought to the british isles?	0
Describe the period that follows it.	0
What was its significance?	0
What were the houses like?	0
What are the best ways to cook a turkey?	1
Should I brine a turkey before smoking it?	1
How much salt do I use to brine it?	0
What kind of wood should I use?	0
How long should it be smoked for?	0
Is it healthy?	0
What can you do with leftovers?	0
How long are leftovers good for in the fridge?	0
What's a recipe for soup using it?	0
How about one for chili?	0
What are the most important US supreme court cases?	1
What did Plessy v. Ferguson establish?	1
How about Marbury vs Madison?	1
Was it unanimous?	0
What was the implication of Roe vs Wade?	1
What were the main arguments?	0
What was the point of Brown v Board of Ed?	1
What were the main arguments?	0
Why is it important today?	0
What are the different types of macromolecules?	1
Tell me about the characteristics of carbohydrates.	1
What are they composed of?	0
What is their basic structure?	0
What are the main types with examples of each?	0
Tell me about lipids.	1
What is their function?	0
What are the types?	0
What is the most common?	0
What is the difference between them and carbohydrates?	0
Why are carbs better?	0
What was the Securities Act of 1933?	1
What is exempt from it?	0
Why was it needed?	0
What was the reason for creating the 1934 act?	1
What is the largest securities exchange in the world?	1
How and when when was the NYSE created?	1
What was the first stock market?	1
Why is statistics important?	1
Why should one study it?	0
Tell me about its career options.	0
Are Data Scientists in high demand?	1
How much do they make on average in a year?	0
What is range?	0
Describe some different metrics to interpret it.	0
What are quartiles?	1
How do you find the lower and upper quartile?	1
How does water freeze?	1
What happens to its molecules?	0
Why isn't the bottom of the ocean frozen?	1
Can the bottom of the ocean freeze?	1
Where is the coldest place on Earth?	1
Does Dome Fuji have inhabitants?	1
Why is Antarctica so cold?	1
How cold is the water underneath the ice?	1
What is the biggest town?	0
What are futuristic designs?	1
How did this become a new trend?	0
Why are most of the constructions inspired by these designs?	0
What are the different domains where such designs have been adapted?	0
How has it affected technology?	0
How have the different giants in the business responded to this?	0
Has its introduction led to increase in business?	0
"If designs are already futuristic	0
What is a good age to get LASIK?	1
Give me a short description of the procedure.	0
What are its benefits?	0
What are the risks?	0
Describe experiences of some people who had it done.	0
Are there any good alternatives to it?	0
What is its success rate?	0
"Once it's done	0
Does the effect wear off with age?	0
What is tofu exactly?	1
How is it made?	0
What are its origins?	0
What is the best?	0
Is it a kind of cheese?	0
Can I eat it raw?	0
What are common ways to cook it?	0
In what cuisines is it popular?	0
Is it good for you?	0
Can it make you sick?	0
Is too much of it bad for you?	0
What are scalable data center network architectures?	1
What are some examples?	0
Describe the characteristics of FAT tree topology.	1
What routes can be taken by an upstream packet?	0
"Describe core	0
Are flows bidirectional?	0
How many forwarding rules are there in each layer of the tree?	0
Describe the jellyfish architecture.	1
Which architecture is more resilient to failure?	0
Tell me about the International Linguistics Olympiad.	1
How do I prepare for it?	0
How tough is the exam?	0
What kind of problems can I expect?	0
Tell me about the history of linguistics as a field.	1
Who was Panini and what were his contributions?	1
What is the link between linguistics and computer science?	1
What is a normal blood sugar level?	1
What does it mean if it's higher than this?	0
What is a dangerous level?	0
How do you bring it down quickly?	0
How fast can it rise?	0
And what if it's lower than normal?	0
How does this make you feel?	0
Do different activities lead to an imbalance?	0
Is there a relation between age and sugar levels?	1
What are the different forms of energy?	1
How can it be stored?	0
What type of energy is used in motion?	1
Tell me about mechanical energy.	1
Give me some examples.	0
Why is sound a form of mechanical energy?	1
How does it differ from potential energy?	0
Are potential and kinetic the same?	1
What type does chemical energy belong to?	1
What form of energy is used in eating?	1
Describe Uranus.	1
What makes it so unusual?	0
Tell me about its orbit.	0
Why is it tilted?	0
How is its rotation different from other planets?	0
What is peculiar about its seasons?	0
Are there any other planets similar to it?	0
Describe the characteristics of Neptune.	1
Why is it important to our solar system?	0
How are these two planets similar to each other?	0
Can life exist on either of them?	0
What is chemical energy?	1
Describe a chemical reaction.	1
How is it represented mathematically?	0
Give me an example.	0
What are the different kinds of reactions?	0
What is a decomposition reaction?	1
How is it a chemical change?	0
What is a synthesis reaction?	1
Tell me the differences between synthesis and decomposition.	1
Describe cell membranes.	1
What are its important functions?	0
Tell me about the phospholipid bilayer.	1
What are its functions?	0
What if the membrane gets damaged?	0
Do they repair themselves?	0
Which nutrients may help in the repair process?	0
What is weathering?	1
What are its major types?	0
Tell me about chemical weathering.	1
How is it different from biological weathering?	0
Does it change the composition of rocks?	0
What is the end product of chemical weathering?	1
Give me an example.	0
What happens when quartz undergoes weathering?	1
What are the most common spices used in cooking?	1
How are they different from herbs?	0
Why do spices taste good?	1
Where do most of them come from?	0
What cuisines use them heavily?	0
What are the most popular Indian ones?	0
Tell me about turmeric.	1
Are there any benefits of consuming it?	0
What is the oldest spice?	1
What is the most expensive and why?	0
What are the main types of cattle farming?	1
What breeds produce the most milk?	0
How much do Holsteins produce?	0
What is special about Jersey milk?	1
Do we eat dairy cows?	1
What are the most common breeds for meat?	0
Where are angus beef from?	1
How much space do they need?	0
How can I help my friend stop smoking?	1
What are its long term effects?	0
Does it cause cancer?	0
What makes it so addictive?	0
Are there any alternatives to nicotine?	1
How effective are the patches?	0
Tell me about the cold turkey method.	0
Describe typical withdrawal symptoms.	0
Tell me about Orca whales.	1
Are they really whales?	0
How do they hunt?	0
What do they eat?	0
Where did they get their name?	0
Are they dangerous?	0
Where can go to watch them?	0
When is a good season for spotting them?	0
How does captivity affect them?	0
What defines a chemical element?	1
How are they related to the Periodic Table?	0
How is it organised?	0
How does a chemical compound differ from an element?	1
What are different types of compounds?	0
How are they formed?	0
Which ones are important for the human body?	0
What are important ones used on a daily basis?	0
What comprises a balanced diet?	1
Is it the same for men as well as women?	0
What are some specific recommendations for women?	0
Are dairy products necessary for a good health?	0
Can it harm you instead?	0
How necessary is fiber?	0
What happens if it's consumed in a smaller amount than recommended?	0
Describe global warming.	1
What are its dangers?	0
Are there any methods to prevent it getting worse?	0
What can I do at an individual level?	0
How do I reduce my carbon footprint?	1
Is the US government doing anything about it?	0
How is overpopulation related?	0
What is the British Invasion in music?	1
What era did it happen?	0
What genre did it involve?	0
What is so special about it?	0
Which bands were a key part?	0
What was the leading band and what was its role?	0
Is it related to any other musical movements?	0
What was its impact on American music?	0
What other music movement succeeded it?	0
What are some advantages of using Linux?	1
Can I run Windows software in it?	0
How does it compare to Windows?	0
Which of these is more popular?	0
How do I install software on it?	0
What is an easy way to install Python?	0
Tell me about how I can share files.	0
Tell me about the history of toilets.	1
Where does the term come from?	0
Where and when was the first invented?	0
Why do the Brits call it a loo?	0
What came before them?	0
When did indoor versions become common?	0
How many types are there?	0
Why are they so important for society?	0
What is their role in film?	0
What is the US Electoral College?	1
How does it work?	0
Tell me about its creation.	0
Why was the system chosen?	0
How has it changed over time?	0
What if the electors don't vote for the pledged candidate?	0
How has this changed election outcomes?	0
Who are the Hamilton Electors and what were they trying to do?	1
How would the College be abolished?	0
How does the National Popular Vote Interstate Compact work?	1
Is it legal?	0
What is Lyme disease?	1
How do you get Lyme Disease?	1
How does it make you feel?	0
What happens if it goes untreated?	0
Can it kill you?	0
How reliable is the test?	0
Can it be cured?	0
What is Chronic Lyme?	1
What does it mean to be a vegan?	1
What is the environmental argument for it?	0
Do you need milk for strong bones?	1
What are other good sources of calcium?	0
"If you don't eat any meat	0
What are good sources of vitamin B12?	1
Does it help you lose weight?	0
What about its health effects versus being vegetarian?	0
How does the environmental impact compare between them?	0
Why is the drinking age in the US 21 and not 18?	1
What were the pros and cons?	0
Tell me about the negative health effects of drinking.	1
How does binge drinking affect development?	1
Can it damage mental health?	0
What are the short and long-term effects of usage on brain chemicals?	0
Are alcoholics generally depressed?	1
What are the effects on vitamins and minerals?	0
Are there any benefits?	0
What is Chattanooga famous for?	1
What is there to do in downtown Chattanooga?	1
Are there tourism activities related to trucks or trains?	0
Are there any related to Bessie Smith?	0
Can I visit some nearby distilleries?	0
"What is Rock City	0
Are special events held there?	0
What kind of food is Chattanooga known for?	1
What are some interesting things around Ann Arbor?	1
Tell me about when the city was founded.	0
How does it relate to the establishment of the University?	0
Does the Museum of Art have any special collections?	0
What is the South Pond Nature Area?	1
Are there any film festivals?	0
How about for jazz?	0
What are popular bars or clubs where I can listen to it?	0
What causes acidic reflux in the morning?	1
Does it have long term side effects?	0
What is the best OTC for it?	0
What are the side effects of long term PPI use?	1
Tell me about natural treatments.	0
What foods cause it?	0
What ones reduce it?	0
How does exercise affect it?	0
What dog breed is the best for playing?	1
What kind should I get if I’m allergic?	0
How about big and active dogs?	0
Do big dogs live longer than small dogs?	1
Will I need to put a lot of time into training?	0
Tell me about some breeds that are independent and can be left home all day.	0
How much does a Irish Wolfhound weigh?	1
How much do they cost?	0
Why is learning a second language difficult?	1
At what age is it harder and why?	0
"If I already know English	0
How can I begin learning Norwegian?	1
Is it easier to learn than Spanish?	0
What other languages are closest to it?	0
Describe some of its similarities with Danish.	0
How did all these languages evolve?	0
How is it related to Old Norse?	0
Are there advantages of knowing multiple languages?	1
Why is Boise called the city of trees?	1
How did it get its name?	0
What is there to do in the summer?	0
What are popular hiking trails?	0
Tell me about the Oregon Trail Reserve.	1
Tell me about the history of the Boise Greenbelt.	1
What is the controversy around it?	0
What is the main function of a virtual machine?	1
What are its advantages?	0
Describe some of its disadvantages.	0
How do they work?	0
What are the main types of VMs?	1
What is their role in cloud computing?	0
How is a container different?	0
What is the advantage of Docker?	1
How is it related Kurbenetes?	0
How do I save for a child’s college education in the US?	1
What is a 529 plan?	1
How does it work?	0
What are the main advantages?	0
What about disadvantages?	0
How long have they been around?	0
What are the types of plans?	0
What can the funds be used for?	0
What happens if it’s not used?	0
How does a ESA compare?	0
Describe the Afra tanker scale.	1
Why was it developed?	0
What are supertankers?	1
Describe their invention.	0
What are the important factors led to their development?	0
What was the role of the Six-Day War?	1
How many barrels can a VLCC ship carry?	1
What is the largest in the world?	0
What new problem did increased scale create?	0
Describe crude oil washing.	1
Is Red Bull bad for you?	1
Can it kill you?	0
How much can you drink in a day?	0
What is taurine?	1
What are its health effects?	0
"In general	0
Why are they harmful when mixed with alcohol?	0
What is the argument for their age restriction to kids?	0
Where are they banned to minors?	0
Describe the oceanic crust.	1
What are the main layers?	0
How does it differ from the continental crust?	0
Which is younger and why?	0
Where is the youngest oceanic found?	1
What about the oldest?	0
What is seafloor spreading?	1
What is its significance?	0
How is ocean crust formed?	1
Is it being recycled?	0
How can you tell if someone is suffering from depression?	1
What are common types?	0
What causes it?	0
What is the role of brain chemicals?	0
Does a lack of sunlight cause it?	0
How can you treat SAD?	1
What is the role of melatonin?	0
How are anxiety and depression related?	1
What treatments exist for depression?	1
What is CBT and how does it work?	0
Tell me about the benefits of yoga.	1
Does it help in reducing stress?	0
What are some of the main types?	0
What type is best for losing weight?	0
What are common poses in Bikram yoga?	1
Why is mindful breathing important?	1
Does it help relieve asthma?	0
What is the Surrealism movement in art?	1
What are its characteristics?	0
Tell me about its founding.	0
Tell me about the series of manifestos.	0
How is it different from Dada?	0
What is its importance?	0
Who are the most famous artists?	0
Why did Dali choose surrealism?	1
What are his most iconic works?	0
Is it still used today?	0
What has its impact been on other fields?	0
What is blockchain?	1
What problem does it solve?	0
How does it work?	0
What are the types of networks?	0
Tell me about its invention.	0
How is it related to cryptocurrencies?	0
How is Bitcoin generated?	1
How secure is blockchain?	1
What are its other uses in business?	0
What are the implications for society?	0
What are the types of pork ribs?	1
What are baby backs?	0
What are the differences with spareribs?	0
What are ways to cook them?	0
How about on the bbq?	0
Describe the 321 method.	0
How long do they take to smoke?	0
How do you know when they are done?	0
What is in a typical rub?	0
What’s the best style of sauce for them?	0
What’s in Kansas City style sauce?	0
What is nominal GDP?	1
Why is it not a good measure?	0
What is the difference with real?	0
How is it related to gross national income?	0
What is the meaning of GNI?	1
How is inflation affected by high GDP growth?	1
What is the relationship between inflation and unemployment?	1
What is frictional unemployment and why is it important?	1
Is it bad for the economy?	0
How can the government reduce its level?	0
Tell me about lavender plants.	1
What are the different types?	0
What places are famous for them?	0
Are they safe to eat?	0
What variety is best for cooking?	0
How is it used?	0
What is it good with?	0
What are the health benefits of its oil?	0
Are there any side effects?	0
What is solar energy?	1
What are its main uses?	0
Why is it important?	0
What are advantages of solar energy?	1
What is the cost of solar power?	1
How is being used in rural Africa?	0
Tell me more about solar cookers work.	1
How is solar used in architecture?	0
What are important projects?	0
Can it be used to power cars?	0
What are mammals?	1
What are their key characteristics?	0
How many legs do they have?	0
What is the largest one on land?	0
What is the largest in the world?	0
What about in the UK?	0
What about the largest to ever walk the earth?	0
Tell me about Blue whales.	1
How much do they weigh?	0
Where do they live?	0
What do they eat?	0
Where can we see them?	0
What do Spanish people do on Christmas day?	1
What do they eat for dinner?	0
How about on Christmas eve?	0
What is the Christmas Lottery?	0
How does the drawing work?	0
How are the tickets sold?	0
What is Tió de Nadal?	1
How did this tradition start?	0
How do they celebrate Three Kings Day?	1
What cakes are traditional?	0
Who is the most successful pirate of all time?	1
Who is the most famous female?	0
Tell me more about Ching Shih.	1
What were her code of laws?	0
How did she die?	0
Who was Anne Bonny?	1
What was she famous for?	0
Who was she married to?	0
How did Calico Jack die?	1
What happened to Anne?	0
What are the pros and cons of electric cars?	1
Tell me more about Tesla.	1
Why did Elon Musk start it?	0
What models are available?	0
What is the best selling?	0
What is unique about the Model 3?	0
What are the safety features?	0
Why is it building Gigafactories?	0
What makes the batteries unique?	0
How long can they last?	0
Tell me more about autopilot.	1
Does it support full self-driving?	0
What are important literary elements?	1
What is the difference between them and literary devices?	0
What is a genre?	0
What are the most important ones?	0
What is a trope?	0
What are important examples in fantasy?	0
What is the definition of allegory?	1
What are some important modern uses?	0
What are the different types of foreshadowing?	1
What is an example?	0
What were the purposes of the Lewis and Clark expedition?	1
What were important plants and animals they discovered?	0
What were the diplomatic objectives?	0
What were the Native American tribes that they encountered?	0
How did Sacagawea help them?	0
Did they find the Northwest Passage?	0
What was the purpose of Fort Mandan?	0
How did they spend the next winter?	0
What happened to Fort Clatsop?	0
What was the impact of the expedition?	0
When did The Carpenters sign with A&M Records?	1
What song was their first hit?	0
When did Karen die?	0
Karen had what eating problem?	0
and how did she die?	0
Does Bradley Cooper star in American Hustle?	1
When was he born?	0
And who composed?	0
Did the movie win a Golden Globe award?	0
How long is the movie?	0
What year did the Carpenters sign with A&M Records?	1
What song was their first hit?	0
What's the date of Karen's death?	0
What disorder did Karen have?	0
What caused her death?	0
Which famous author wrote the fantasy book series Harry Potter?	1
Which book was the first one written?	0
What novel was the final one?	0
What character joins Harry Potter after being saved by him?	1
The series consists of which amount of books?	0
Lethal Weapon is on what network?	1
What was the first episode date?	0
Where is it set?	0
What's the name of the two cops?	0
What actors played those roles?	0
From which country is the band Queen ?	1
and when were they founded ?	0
Who influenced the band ?	0
How many awards did they recieve ?	0
Place where the band formed?	0
How many seasons of Friends were there?	1
Who produced the show?	0
Who distributed the show?	0
What was the theme song called?	0
Where did Jennifer Aniston and David Schwimmer both work?	1
What was Elvis Presley given name?	1
What is Elvis Presley birthday?	1
Where did Elvis Presley live?	1
Was Elvis in the military?	0
What year did Elvis sing Jailhouse Rock?	1
What's the place of birth of Manuel Neuer?	1
What state of Germany does his birth place belong to?	0
What's the capital?	0
Does it have an airport?	0
What's the name of the main soccer club there?	0
In what year was the film Black Panther released?	1
Black Panther played by who?	1
Does the larger Marvel universe include Black Panther?	1
Directed by who?	0
Has Black Panther been in other Marvel films?	1
Did The Black Eyed Peas form in 1998?	1
Where did they first get together?	0
What music do they play?	0
Do they have an official website?	0
Did Fergie leave the band in 2014 ?	0
Who was the Author of One Flew Over the Cuckoo's Nest?	1
In which year was it published?	0
What region is it's setting?	0
Did it go to Broadway?	0
Was it adapted for the big screen?	0
What English Premier League soccer team did David Beckham play for in 2002?	1
and who's he married to?	0
he won what award in 2012?	0
where's he from?	0
What other name is Harry Potter and the Philosophers Stone known by?	1
Who is the author?	0
What is the the title of the next book?	0
What is the fourth book called?	0
How many seasons did the TV show Friends air?	1
Who produced the show?	0
Who distributed the show?	0
What was the theme song for the show?	0
Where did Jennifer Aniston and David Schwimmer both work?	1
Who created The Orville?	1
What network airs it?	0
How long does an episode run?	0
What was the airdate of the first episode?	0
What's the name of the actress who is the Xelayan security chief?	1
Who plays the role of Queen Elizabeth II in the TV series The Crown?	1
who plays the queen's husband?	0
whom is the series a historical drama on?	0
the series was created by?	0
When did Mission: Impossible – Fallout come out?	1
what actor was the lead?	0
and who directed the movie?	0
what genre was the movie?	0
who was the film's production company?	0
What is the name of Celine Dion's husband ?	1
his death year?	0
and the cause of his death was?	0
Celine Dion's song in the movie Titanic?	1
her first English-languge album was called as?	0
What other name is Harry Potter and the Philosophers Stone known by?	1
Who is the author?	0
What is the next book?	0
Who is the author of the book Charlotte's Web?	1
Who is the publisher of Charlotte's Web?	1
When was the book published?	0
Did the book get an award?	0
What country was the book written?	0
What year did the TV show Breaking Bad premiere?	1
What's the name of the show's creator?	0
Which network did it air on?	0
What is the name of the actor who played Walter White?	1
Aaron Paul played which character on the show?	0
Who is the main creator of the series Supernatural?	1
How many seasons are there in 2018?	0
What actor plays the father for Sam and Dean?	0
Whats the yellow eyed demons name?	0
Who is the actor that plays Bobby Singer?	1
What is the full name of Kanye West?	1
Which genre does he play?	0
and what is his wife?	0
What was the first album?	0
Where did he drop out from to make music?	0
What's the place of birth of Manuel Neuer?	1
What state of Germany does his birth place belong to?	0
How is the capital city called?	0
Is there an airport?	0
What's the name of the main soccer club there?	0
Where does the idea of Game of Thrones come from ?	1
Directors of the TV series ?	0
How many episodes exists in 2018 ?	0
and where was it shown first ?	0
Where is the head quarter location ?	0
What movie by Steven Spielberg features a great white terroizing an island?	1
Where did the shark attack happen in Jaws?	1
Which person is attacked by the shark first in Jaws?	1
Who is the chief in Jaws?	1
What is the fishermans name in the movie Jaws?	1
The Los Angeles Galaxy are a member of what soccer league?	1
what's their home stadium?	0
when did the team start up?	0
did David Beckham play for them?	0
what was the coach's name in August 2008?	0
By whom is the character the unicorn in The Last Unicorn dubbed?	1
Did the voice actor work as a model in the past?	0
Is the movie based on a book?	0
By whom is the soundtrack?	0
In what style is their music typically?	0
What year was the movie Die Hard released?	1
And who is the primary actor?	0
Which director directed it?	0
Which book is the movie based on?	0
Who is the author of Ready Player One?	1
what kind of story is it?	0
was something created from the book?	0
what was the book's publisher?	0
and did the book win any awards?	0
When is the singer Halsey born?	1
Is the singer Lana Del Rey older than her?	0
And what album from Lana Del Rey did come out in 2014?	1
Who was the creator of the TV series M*A*S*H?	1
which network aired it?	0
who was the director?	0
it was about which war?	0
who played Hawkeye?	0
Did the book To Kill a Mockingbird win a Pulitzer Prize?	1
Which year did it win?	0
And in what genre?	0
Who was the author of the book?	0
Did it also win a National Book Award for Fiction?	0
Did The Black Eyed Peas form in 1998?	1
Where did they first get together?	0
What music category do they belong?	0
What is their official website?	0
Did Fergie leave the group in 2014?	0
David Beckham played for which English Premier League soccer team in the year 2002?	1
and who's he married to?	0
what award did he get in 2012?	0
country was he born?	0
What country is Fernando Torres from?	1
What club did he play for in 2012?	0
Which club won the Champions League that year?	0
Did Torres play for Spain's national team in 2010?	1
Who won the World Cup that year?	0
Who wrote Foundation?	1
When was it released?	0
Is it part of a series?	0
What is the name of the next book?	0
Is that the final part of the series?	0
What is McEntire's genre?	1
The name of the college she attended?	0
When is her birthday?	0
Where was Reba born?	0
Is she an actress?	0
Who is the author of Ready Player One?	1
what kind of story is it?	0
was something created from the book?	0
who published the book?	0
what awards did the book win?	0
What's the name of the main singer for Thirty Seconds to Mars?	1
In what year did the band come together?	0
Their latest release is called what?	0
When was it released?	0
What was their first album?	0
What is Post Malones gender?	1
Where did he go to university?	0
Is the album Stoney from him?	0
From which record label is it?	0
Which album was it followed by?	0
What movie by Steven Spielberg features a great white terroizing an island?	1
What lsland is Jaws located in?	1
Which person is attacked by the shark first in Jaws?	1
What is the Chiefs name in Jaws?	1
Who is the fisherman in Jaws?	1
What album did Sufjan Stevens release first?	1
What label released this album?	0
When was this singer born?	0
Under what genre does his music normally fall?	0
What college did he attend?	0
Which was the first club that Jonas Hector was playing for?	1
At which time did he play at that club?	0
For which club did he play after that?	0
At which year was the player born?	0
Name of the club Zlatan Ibrahimović was playing for in 2016/2017?	1
Was he born in the country of Manchester United F.C. from?	0
Country name of that club?	0
Did they win wc 2018?	0
Where was that event held?	0
What channel has been home to Saturday Night Live since it’s debut?	1
What’s the name of the show’s creator?	0
What Canadian city is he from?	0
On what day did it begin?	0
Who was the first host?	0
Where was the band Die Toten Hosen founded ?	1
In which country is the city located ?	0
In which year was the band founded ?	0
Are they playing punk rock ?	0
Is this genre part of the genres of the band Die Ärzte?	0
What year was the album Like A Virgin released?	1
what artist did the album?	0
and what style music was the album?	0
who produced the record?	0
the record label for the album was whom?	0
Who is the author of Foundation?	1
When did he release it?	0
Is it part of a series?	0
So what is the sequel?	0
Is that the final part of the series?	0
Name the club Lionel Messi is currently playing for?	1
who is the captain?	0
Where is he from?	0
What is the genre of the TV series Modern Family ?	1
Was How I Met Your Mother produced after Modern Family ?	1
What is the number of seasons until 2018?	0
In which city does the TV series play?	0
In which continent is this city?	0
Which country was the winner of the FIFA World Cup in 2018?	1
When was the final held?	0
At which stadium?	0
Who was the head coach of the winning team?	0
And the score at the end of the game was?	0
Who is the star of the TV show Elementary?	1
wasn't he in a movie too?	0
what's his costar's name	0
isn't the show based on a book series?	0
the show is part of what tv network?	0
Which cartoonist came up with The Simpsons?	1
What year was the first episode?	0
What character does the show focus on?	0
and who voices him?	0
The wife of Homer is who?	1
Who directed and screenwrote the incredibles?	1
Did he also produce the movie?	0
"What about the sequel	0
Did the first and the second movies both win academy award?	0
Genre of the book Eragon?	1
and who wrote it ?	0
and when was he born ?	0
When was the book published ?	0
Who is the publisher ?	0
Who performs Freddie Mercury in Bohemian Rhapsody?	1
Where is he born?	0
What is this actors field of work?	0
And who was the executive producer of the movie?	0
And who edited the movie ?	0
How long does the movie Angels & Demons take ?	1
Is there a movie that follows ?	0
Is Tom Hanks a cast member ?	0
In which country is he citizen ?	0
Name of the club Zlatan Ibrahimović was playing for in 2016/2017?	1
Was he born in the country of Manchester United F.C. from?	0
Country name of that club?	0
Did that country win 2018 wc?	0
Country name of that event?	0
Who plays Archie Andrews in Riverdale?	1
What about Jughead Jones?	0
What comic was it based on?	0
When was it released?	0
What about the television series?	0
What English Premier League soccer team did David Beckham play for in 2002?	1
and who's he married to?	0
what award did he get in 2012?	0
where's he from?	0
the city Maroon 5 comes from?	1
is it also where their vocalist and bassist were born?	0
what are the names of the ones who are not from LA among them?	0
which city he was born in?	0
anyone else in the band also born there?	0
How long does the movie Angels & Demons take ?	1
Is it part of a series ?	0
Is Tom Hanks a cast member ?	0
In which country is he citizen ?	0
Who wrote Law and Order?	1
Which channel did Law and Order come on?	1
What was the name of the actor who played Jack McCoy?	1
Who did Chris Noth play on Law and Order?	1
How many seasons was Law and Order?	1
What was the name of the author who wrote The Wonderful Wizard of Oz?	1
Can you name the Movie made from the book The Wonderful of Oz?	1
What is the name of the good witch in the The Wonderful Wizard of Oz?	1
When was The Wizard of Oz written?	1
What genre is this book?	0
Who played the part of Allison DuBois in the TV show Medium?	1
What cities DA did she work for?	0
What actor stared as the DA?	0
and who played Allison's husband?	0
What position did David Beckham play?	1
In what league did he play first?	0
What was the name of the school he went to?	0
Was Beckham in the 1998 World Cup?	1
What is the name of David Beckham's wife?	1
Who was the male lead actor in High School Musical?	1
What was the name of his character?	0
Who was the female lead actress?	0
Who played Sharpay?	0
Who was the director of the film?	0
The movie Die Hard was released in theaters in which year?	1
And who is the primary actor?	0
And what is the character's name that he plays?	0
Which director directed it?	0
Which book is the movie based on?	0
From what country is the band Green Day?	1
In what year did the band get started?	0
The band's lead singer is who?	0
What major record label signed them?	0
The first album released with Reprise Records was what?	0
Who directs The Matrix?	1
Complete title of Matrix 2?	1
Any sequel to Matrix 2?	1
Who is Hugo Weaving play there?	0
Who acted as Trinity there?	0
company that owns Zenit St Petersburg?	1
it also owns Moscow teams Dynamo and Spartak?	0
and among the three how many play in the russian premier league?	0
and which is the oldest?	0
how is their stadium called?	0
Who won the 2018 FIFA World Cup?	1
When was the final held?	0
What's the name of the stadium it was played at?	0
Who was the head coach of the winning team?	0
What was the score at the end of the final?	0
What is the genre of the TV series Modern Family ?	1
Was it produced before How I Met Your mother ?	0
What is the number of seasons until 2018?	0
What is the film location of the TV series?	0
In which continent is this city?	0
Who wrote the book One Flew Over the Cuckoo's Nest?	1
What year did it hit the shelves?	0
What state is it set in?	0
Was the book adapted to live theater?	0
Was it made for film?	0
By whom is the character the unicorn in The Last Unicorn dubbed?	1
Did the voice actor work as a model in the past?	0
Is the movie based on a book?	0
By whom is the soundtrack?	0
What genre do they play normally?	0
Who created The X-Files?	1
What year did the show debut?	0
What network did the show run on?	0
Who were the two main characters in the show?	0
What two actors portrayed those characters?	0
How long does the movie Angels & Demons take ?	1
Is there a movie that follows ?	0
How many screenwriters has the movie ?	0
Is Tom Hanks part of the movie ?	0
In which country is he citizen ?	0
What's the name of the league that Manchester United is a member of?	1
what's their home pitch?	0
who was the coach in 2017?	0
what song do their fans sing?	0
what was the first time they were in the cup finals?	0
Who is the singer of The Killers?	1
What about the drummer?	0
and he was born which date?	0
who of the killers was also born that year?	0
What's the name of the person who created the TV show Firefly?	1
Did he write some episodes too?	0
Who was the character Mal Reynolds played by?	0
When did the first episode air?	0
How many episodes in the series?	0
The movie Black Panther was released during what year?	1
What actor was Black Panther?	1
Does the larger Marvel universe include Black Panther?	1
Directed by who?	0
Does Black Panther show up in other movies?	1
Who plays Malorie in Bird Box?	1
What station is it on?	0
Who's the director?	0
When was it released?	0
Whats the rating?	0
When was the first short story about The Witcher released?	1
And the computer game The Witcher 1?	0
Which actor dubbed Geralt?	0
Is he still in The Witcher 3?	0
What's Ciri's full name?	0
Who is the writer of the fiction novel 1Q84?	1
the country that the author is from?	0
he won the World Fantasy Award for?	0
is he a recipient of Franz Kafka award?	0
Can you tell me the author of Watership Down?	1
What nationality is the author?	0
What is the year of his birth?	0
What kind of animal was the main character in the book?	0
What was the year the novel was published?	0
whom Anjelica Huston plays in The Addams Family?	1
number of kids of Morticia?	0
who playes the younger?	0
Who wrote the book Adventures of Huckleberry Finn?	1
Is Tom Sawyer in the book?	0
What is the name of the river in the book?	0
What company published the book?	0
Who's telling the story?	0
The movie Black Panther was released during what year?	1
What actor was Black Panther?	1
Is the movie part of MCU?	0
Directed by who?	0
Does Black Panther show up in other movies?	1
Who are the films The Wolf Of Wall Street and Shutter Island directed by?	1
Which one has the higher duration?	0
Which one has won more awards?	0
When was Wolf Of Wall Street published in the US?	1
Based on literature?	0
What kind of TV series is Modern Family?	1
Was How I Met Your Mother produced after Modern Family ?	1
What is the number of seasons until 2018?	0
What is the film location of the TV series?	0
Who was the novel Watership Down written by?	1
In what year was it published?	0
And what language was it written in?	0
Is it a part of the speculative fiction genre?	0
Did it earn a Carnegie Medal?	0
What is McEntire's genre?	1
Did she go to college?	0
What is Reba's birthday?	0
Her birthplace?	0
Does she act?	0
Who wrote the book The Stand?	1
What genre does the book fall in?	0
When did it come out?	0
Who was the publisher?	0
What did the characters call the illness that killed everyone?	0
How many members did Led Zeppelin have?	1
Which one they released first: Houses of the Holy or Physical Graffiti?	0
Is the rain song and immigrant song there?	0
Who is the lyricist of those songs?	0
Name of his previous band?	0
What year was Ender's Game published?	1
Who wrote it?	0
What is the book's genre?	0
Is it one book within a series?	0
How many books are in the series?	0
Who was the director for the movie The Great Outdoors?	1
Is The Great Outdoors a comedy?	1
Who is the writer for the movie The Great Outdoors?	1
Which two male actors were in The Great Outdoors?	1
Which movie company made The Great Outdoors?	1
Who plays Ruth Langmore in Ozark?	1
How many seasons?	0
How many seasons daredevil?	1
Who plays as Daredevil?	0
Is Daredevil in Infinity War?	1
What other name is Harry Potter and the Philosophers Stone known by?	1
Who wrote it?	0
What is the the title of the next book?	0
What is the name of the third book?	0
Who performs Freddie Mercury in Bohemian Rhapsody?	1
His place of birth?	0
What is his occupation?	0
Who produced the film?	0
What about the film editor ?	0
What is the name of the creator for The X-Files?	1
In what year did the show come out?	0
On what network did it air?	0
The show was about what two main characters?	0
Who played those characters?	0
Who created the TV show Breaking Bad?	1
Did he recieve any award's for that show?	0
What other show's has he worked on since Breaking Bad ended?	0
What year did that show's first episode air?	0
Have there been any awards given out for that show in 2019?	0
What is the birthplace of Dolly Parton?	1
What is the name of her husband?	0
When was she born?	0
Does she have a middle name?	0
Which song won her a Grammy Award in 1981?	0
Name the Star Wars creator.	1
When was it released?	0
Who played Luke?	0
what actress played Leia?	0
Did Bastian Schweinsteiger receive any awards while he played for FC Bayern München?	1
Did he play for the German National team when he got one of those awards?	0
What's the name of his brother?	0
What does he do for a living?	0
Did he also play in the German National Team?	0
Who was the director of the movie Scream?	1
Sidney Prescott was play by who?	0
What year did Scream came out?	1
What is the name of the screenwriter?	0
Who did Courteney Cox play in the movie?	0
Who wrote the book One Flew Over the Cuckoo's Nest?	1
What year did it hit the shelves?	0
What region is it's setting?	0
Did it go to Broadway?	0
Was it made for film?	0
What is the place of birth of Jürgen Klopp ?	1
date of birth ?	0
In which club was he trainer in 2014 ?	0
When was Beverly Hills Cop published in the USA?	1
What was the publication date in Germany?	0
Who stared as Axel Foley?	0
Films together with James Earl Jones?	0
What network was Vampire Diaries on?	1
It came out when?	0
Who was the main character?	0
Who played her?	0
When was she born?	0
Who is the voice actor of the unicorn in The Last Unicorn?	1
Did the voice actor work as a model in the past?	0
Is the movie based on a book?	0
Who provided the music for the movie?	0
In what style is their music typically?	0
"In the series Medium	0
What cities DA did she work for?	0
What actor stared as the DA?	0
What actor played Allison's husband?	0
How many seasons did it run?	0
Taylor Swift's record label?	1
Who is her father?	0
What is his occupation?	0
When did she release Fearless?	0
What is the name of the creator for The X-Files?	1
What year did the show debut?	0
On what network did it air?	0
The show was about what two main characters?	0
Who played those characters?	0
How many seasons is Parks and Recreation?	1
Who played as a character and also produced the series?	0
Did the series also feature Chris Pratt?	0
Were they born in the same city?	0
When was Eddie Pope born?	1
Pope played for which team first?	0
Type of player?	0
Where was he born?	0
What year did he play in the Summer Olympics?	0
What is the home country for Manchester United?	1
What league does it compete in?	0
In what year did the team begin?	0
How many league titles has the team won?	0
Who's the team manager in the first half of 2019?	0
Did Crazy Rich Asians come out in 2017?	1
Who directed it?	0
Who was the screenwriter?	0
What is the MPAA film rating?	0
Where is the narrative location set?	0
When is the singer Halsey born?	1
Is she younger than the singer Lana Del Rey?	0
And what album from Lana Del Rey did come out in 2014?	1
What about 2017?	0
Are they the same music genre?	0
Who is the head coach for the US Men's National Soccer Team?	1
When did he get the job?	0
What year was the team founded?	0
Have they ever won the world cup?	0
How many world cup has the team been in?	0
Who is the author of Foundation?	1
When was it released?	0
Is it part of a series?	0
What is the name of the next book?	0
Is that the final part of the series?	0
In what year was Ender's Game written?	1
Who wrote it?	0
What is the book's genre?	0
Is it one book within a series?	0
How many books are in the series?	0
What year did Saving Private Ryan first show in the US?	1
What little known actor starred in this movie?	0
"Who starred as ""Captain Miller"" in the movie?"	0
Who was the director of the movie?	0
Where is the opening scene?	0
Who wrote the book Adventures of Huckleberry Finn?	1
Is Tom Sawyer in the book?	0
Where is the book suppose to take place?	0
Who was the publisher?	0
Which character tells the story?	0
Led Zeppelin had how many band members?	1
Which one they released first: Houses of the Holy or Physical Graffiti?	0
Is the rain song and immigrant song there?	0
Who is the lyricist of those songs?	0
Name of his previous band?	0
The album Thriller was made by what musician?	1
when did it come out?	0
Name the club Lionel Messi is currently playing for?	1
Who was named captain of this club?	0
Where is he from?	0
Who is the author of the book To kill a Mockingbird?	1
the book's genre?	0
the novel's Pulitzer prize winning year?	0
name of the movie based on this book?	0
who directed the movie?	0
The Wall was an album made by what band?	1
and what type music was it?	0
who made the cover art?	0
and the producer was who?	0
who was the American record label?	0
Who is the author of the book Charlotte's Web?	1
what is charlotte?	0
what species is charlotte's friend?	0
what kind of book?	0
the authors birthdate?	0
Vampire Diaries aired on what network?	1
It came out when?	0
Who was the main character?	0
What was the actress's name?	0
When was she born?	0
On which book is the series Game of Thrones based ?	1
What about the creators ?	0
What is the number of episodes in 2018 ?	0
What was the original network ?	0
Which competitions do the Champions League winners qualify for?	1
and the competition started in?	0
the winners of the Champions League in 2018?	1
Who created The Orville?	1
What network is it on?	0
How long does an episode run?	0
What was the airdate of the first episode?	0
What's the name of the actress who is the Xelayan security chief?	0
Where does the band Queen come from ?	1
and when were they founded ?	0
Who influenced the band ?	0
number of recieved awards ?	0
Place where the band formed?	0
Which competitions do the Champions League winners qualify for?	1
and the competition started in?	0
who won the competition title in 2018?	0
which team did the winners defeat?	0
the man of the match was?	0
Which actor starred in the role of Amenadiel in Lucifer?	1
What about Mr Morningstar?	0
When was the actor born?	0
What about D. B. Woodside?	0
Does the series relate to the DC comics' Lucifer?	0
"Which band produced the album known as the ""dark side of the moon""?"	1
What lead singer is no longer part of Pink Floyd?	1
Who was pink floyds first lead vocalist?	1
Who is the leader in 2018?	0
Which pink floyd album is a movie?	1
What's the name of the person who created the TV show Firefly?	1
Was he a screenwriter on any of the episodes?	0
And which actor played Mal Reynolds?	0
And which date did the first episode premiere on television?	0
There were how many episodes?	0
Who is the author of the book Charlotte's Web?	1
Who published the book?	0
When was the book published?	0
What award did the book get?	0
Where was the book written?	0
How many seasons of Friends were there?	1
Who was the producer?	0
Who distributed the show?	0
What was the theme song called?	0
Where did Jennifer Aniston and David Schwimmer both show up?	0
What is the subtitle of the book Fire and Fury?	1
Who wrote it?	0
Date of publication?	0
The subjects name?	0
Birthdate of the author?	0
What was the name of the director of the movie Scream?	1
Which actress played Sidney Prescott?	0
What year did Scream came out?	0
Who wrote the screenplay?	0
Who did Courteney Cox play in the movie?	0
Who is the creator of The Orville?	1
What network airs it?	0
What's the runtime of an episode?	0
What was the airdate of the first episode?	0
Who is the actress who plays the Xelayan security chief on the show?	0
Where does the idea of Game of Thrones come from ?	1
What about the creators ?	0
How many episodes exists in 2018 ?	0
and where was it shown first ?	0
By whom is the character the unicorn in The Last Unicorn dubbed?	1
Did the voice actor work as a model in the past?	0
Is the movie made from a book?	0
By whom is the soundtrack?	0
In what style is their music typically?	0
Who is the writer of the fiction novel 1Q84?	1
the country that the author is from?	0
which of his books won the World Fantasy Award for the best novel?	0
is he a recipient of Franz Kafka award?	0
Did Mesut Özil play in the 2018 World Cup?	1
Name of his football club in 2014?	0
Name of the previous club?	0
When was Shoot to Thrill by AC/DC released?	1
Where are they from?	0
Is highway to hell from them too?	0
At which year did they release it?	0
Did The Black Eyed Peas first get together in 1998?	1
Where did they first get together?	0
What music do they play?	0
What is their official website?	0
Did Fergie leave the band in 2014 ?	0
What is the date of the death of Bob Marley?	1
Why did he die?	0
Mother's occupation?	0
Did his mother die after him?	0
First single hit in germany?	0
Was Topher Grace an actor in That '70s Show?	1
In what US state did the show take place?	0
Is it considered a sitcom?	0
Who created the show?	0
Was David Trainer a director of the show?	0
Did the book To Kill a Mockingbird win a Pulitzer Prize?	1
Which year did it win?	0
And in what genre?	0
Who was the author of the book?	0
Was the book also a winner of the National Book Award for Fiction?	0
Which network was the tv series Mash on?	1
Who played the head nurse?	0
Name of the theme music?	0
What was the first showing of Mash?	1
Who did Alan Alda play?	0
What is the name of the first book from The Lord Of The Rings book series?	1
How many parts?	0
Where is the author born?	0
What kind of show is Yellowstone?	1
Who plays John Dutton?	1
Who directed the television show?	0
What network is the show on?	0
Which state is the show suppose to be in?	0
The television show M*A*S*H was the creation of what person?	1
which network aired it?	0
what's the name of it's director?	0
it was about which war?	0
which actor played Hawkeye?	1
Name the songwriter of Something Just Like This.	1
Who performed the song?	0
Did they create other songs by 2018?	0
Album of the song?	0
release date album?	0
From which country is the band Queen ?	1
Who influenced the band ?	0
number of recieved awards ?	0
Place where the band formed?	0
To which club did CR7 move in 2018?	1
Country of this club?	0
And was their national team a participant of the world cup in 2018?	0
Which national team won the world cup?	0
Neymar played in the winner's national league in 2018?	1
What is the name of the creator for The X-Files?	1
In what year did the show come out?	0
What network did the show run on?	0
The show was about what two main characters?	0
What two actors portrayed those characters?	0
Who is the author of the book Inferno?	1
When was it published?	0
And what book was it followed by?	0
What is the authors date of birth ?	0
What is his place of birth?	0
Who wrote the novel Twilight?	1
When was it published?	0
Who's the human girl character in the book?	0
What character did she fall in love with?	0
What was he?	0
What is the name of Morty's grandpa in the Rick and Morty series?	1
As what does his grandfather work?	0
Is the series meant for adults or children?	0
Does it have violent content?	0
What's the american label for movies that are admitted for all age groups?	1
In what country is Major League Soccer located?	1
How many teams are there?	0
Do all the teams come from the US?	0
From what other countries are there teams?	0
How many are from that country?	0
How many seasons of Friends were there?	1
Who was the producer?	0
Who was the distributor?	0
What was the theme song for the show?	0
Where did Jennifer Aniston and David Schwimmer both show up?	0
Who is the author of the book To kill a Mockingbird?	1
the novel's Pulitzer prize winning year?	0
film name based on the book?	0
who directed the movie?	0
What was Stufjan Steven's first full length album?	1
Under which label was this album released?	0
When was he born?	0
What type of music does he write?	0
What college did he attend?	0
What country is the band Led Zeppelin from?	1
How many band members did they originally have?	0
What was the drummer's name?	0
What is their first album titled?	0
Who was the band's lead singer?	0
How many albums did Eminem release before the year 2000?	1
Which one was produced by Dr Dre?	0
What city was he born in?	0
Does it share a border with Los Angeles?	0
Which of those two is older?	0
What is the official abbreviation of the league name of Major League Soccer?	1
What countries participate in MLS?	1
What year was Major League Soccer created?	1
Who won league's first championship?	0
The first MLS championship game was at what venue?	1
Who authored the book Jaws?	1
When was it written?	0
Who published it?	0
It's in what genre?	0
Did it turn into a film?	0
Who is the voice of Buzz Lightyear in Toy Story?	1
what about Sheriff Woody?	0
who was Buzz named after?	0
What is the country of origin of the band Mumford and Sons?	1
And when were they founded?	0
What English Premier League soccer team did David Beckham play for in 2002?	1
what's his wife's name?	0
what award did he get in 2012?	0
where's he from?	0
What year was Ender's Game published?	1
Who is the author?	0
What genre is it?	0
Is it part of a series?	0
The series consists of how many books?	0
From what country did Led Zeppelin originate?	1
How many band members did they originally have?	0
Who was the band's drummer?	0
What is their first album titled?	0
And what was their lead singer's name?	0
What amount of albums did Eminem release in the 20th century?	1
And Dr Dre was the producer of which of those?	0
What city was he born in?	0
Does it share a border with Los Angeles?	0
Which of those two is older?	0
Did Mesut Özil play in the 2018 World Cup?	1
Name of his football club in 2014?	0
Name of the previous club?	0
Did this player in Spain national team in 2018 wc?	0
Who are the creators of the Vampire diaries tv show?	1
Who was casted as the main role?	0
who is stefan salvatore?	0
Who plays Damon?	0
what characters does Nina Dobrev play?	0
What kind of sport is played in the movie The Blind Side ?	1
Which player is represented ?	0
Who is the director of the movie ?	0
Where does the idea come from ?	0
Is it a book ?	0
Was Crazy Rich Asians released in 2017?	1
Who directed it?	0
Who was the screenwriter for the movie?	0
What is the MPAA film rating?	0
Where is the narrative location set?	0
In what year was the book The Hobbit published?	1
The author published more than one book?	0
When was The Wizard of Oz first released in theaters?	1
Which actress played Dorothy Gale in that movie?	0
And who wrote the book it was based on?	0
And what's the name of the song Dorothy sings?	0
And who wrote the song?	0
What's the name of the league that Manchester United is a member of?	1
where do they play their home games?	0
who was the coach in 2017?	0
what song do their fans sing?	0
when was their first FA cup finals?	0
Who is the author of The Shining?	1
Does it have sequel?	0
The shining movie adaptation?	0
Any TV Series from the book?	0
When did The Carpenters sign with A&M Records?	1
What was their first hit?	0
When did Karen die?	0
What disorder did Karen have?	0
and how did she die?	0
The Wall was an album made by what band?	1
the style of music was?	0
who made the cover art?	0
who was it produced by?	0
who was the American record label?	0
What kind of show is Yellowstone?	1
Who plays John Dutton?	0
Who's the director?	0
What channel is the television show on?	0
Where is the show location?	0
Which network was the tv series Mash on?	1
What is the name of the actress who played the head nurse?	0
What was the name of the opening music?	0
What was the first showing of Mash?	0
What was Alan Alda character's name?	0
Tony Stark was played by what actor in The Avengers movie?	1
Hulk was played by what actor?	0
what was the director's name?	0
was he also the screenwriter?	0
it was produced by which company?	0
What was Elvis Presley given name?	1
What is Elvis Presley birthday?	1
Where did Elvis Presley live?	1
What branch of the military was Elvis in?	0
Jailhouse rock was released what year?	1
What is the name of the league David Beckham played first?	1
What was his player position?	0
when did he get into the football Hall of Fame?	0
When did he receive PFA Young Player of the Year?	0
What's the wifes name?	0
where the administration of Dynamo Dresden sits?	1
and when was it launched?	0
was the clud a holder of UEFA cup?	0
what about Indoor-Regio-Cup?	0
In which year then?	0
Was Kylian Mbappé a participant of the FIFA World Cup in 2018?	1
And what was his sports number there?	0
And in which country was the FIFA World Cup?	0
What about the FIFA World Cup in 2022?	0
And how many participants will there be?	0
Who came up with the idea for the TV show Breaking Bad?	1
Did he recieve any award's for that show?	0
What other show's has he worked on since Breaking Bad ended?	0
What year did that show's first episode air?	0
Did that show win any awards in 2019?	0
Who is the lead singer of Radiohead?	1
And who's the drummer?	0
When was he born?	0
And what was the name of their first major record?	0
How many songs are on it?	0
Where is the foundation location of the band Die Toten Hosen ?	1
In which country is the city located ?	0
In which year was the inception of the band ?	0
Are they playing punk rock ?	0
Is this genre part of the genres of the band Die Ärzte?	0
What is the name of the person who directed the Avatar movie?	1
What year did it come out?	0
Where did the movie take place?	0
Who did the music for the movie?	0
What two main characters did the movie take place around?	0
Who directed the 2018 film Deadpool 2?	1
And is it part of the X-Men series?	0
Is it considered part of the comedy genre?	0
Was Ryan Reynolds one of the screenwriters?	0
Did it cost under fifty thousand dollars to make?	0
Who performs Freddie Mercury in Bohemian Rhapsody?	1
What is his occupation?	0
Who produced the film?	0
And who edited the movie ?	0
Which famous author wrote the fantasy book series Harry Potter?	1
Which book was the first one written?	0
What novel was the final one?	0
Which new student joined Harry Potter in school after an incident?	1
The series consists of which amount of books?	0
Who wrote the book Great Expectations?	1
Was it written in 1861?	0
Who published it?	0
What's the genre of the book?	0
What was the main setting?	0
What team does Cristiano Ronaldo play for in 2019?	1
What country does that club represent?	0
What year was he born?	0
What position does he play?	0
What number does he wear?	0
What league was David Beckham in first?	1
when did he get into the football Hall of Fame?	0
When did he receive PFA Young Player of the Year?	0
What's the wifes name?	0
What is the home venue for Houston Dynamo?	1
And it's grand opening day?	0
What league do they play for?	0
Who coaches the team in 2018?	0
And the coach's country?	0
Which author wrote the novel 1Q84?	1
the country that the author is from?	0
he won the World Fantasy Award for?	0
did the author win the Franz Kafka Prize?	0
What's the coach's name for the US National Team?	1
He became head coach when?	0
When did the team start?	0
Did they ever when a world cup championship?	0
How many world cup has the team been in?	0
In what country does Sevilla FC play?	1
When was this club created?	0
Where is the headquarters of this club?	0
Have they ever won a Champions Cup?	0
Did they ever win La Liga?	0
Did the Los Angeles FC begin in 2008?	1
What sport does this team play?	0
What is their official website?	0
What is their home stadium called?	0
Who is the head coach of the team in 2018?	0
Who directed the 2018 film Deadpool 2?	1
And is it part of the X-Men series?	0
Is it considered part of the comedy genre?	0
Did Ryan Reynolds work as a screenwriter for the film?	0
Did it cost under fifty thousand dollars to make?	0
In what year did the television show Lost premiere?	1
Which network was this show on?	0
What was the final season of this show?	0
What composer did the music for this show?	0
What's the made up band that was part of this show?	0
Who created The Orville?	1
What network is it on?	0
What's the runtime of an episode?	0
What was the airdate of the first episode?	0
What's the name of the actress who is the Xelayan security chief?	0
